Workbook

Sheet Лист1
A1: Пасичная Полина ИТД-123 Лабораторная работа № 1: Принятие решений в условиях определённости 01.09.26 Вариант 10

Sheet Лист2
A1: Таблица 1. Данные проектов
A2: Проект | B2: Инвестиции (руб) | C2: Потоки | G2: Ставка | H2: Риск | I2: Простота | J2: Ценность
A3: А1 | B3: 140000 | C3: 75000 | D3: 85000 | E3: 65000 | G3: 0.1 | H3: 3 | I3: 4 | J3: 5
A4: А2 | B4: 90000 | C4: 45000 | D4: 40000 | E4: 50000 | G4: 0.09 | H4: 2 | I4: 5 | J4: 3
A5: А3 | B5: 190000 | C5: 95000 | D5: 105000 | E5: 85000 | G5: 0.08 | H5: 4 | I5: 2 | J5: 4
A6: А4 | B6: 165000 | C6: 35000 | D6: 45000 | E6: 55000 | F6: 65000 | G6: 0.11 | H6: 1 | I6: 3 | J6: 2
A7: А5 | B7: 110000 | C7: 55000 | D7: 60000 | E7: 50000 | G7: 0.09 | H7: 3 | I7: 4 | J7: 4
A9: Таблица 2. Расчеты
A10: Проект | B10: Инвестиции | C10: NPV | D10: ROI | E10: Допустимость
A11: А1 | B11: 140000 | C11: =NPV(G3,C3,D3,E3,F3)-B3 -> 47265.214 | D11: =(C11/B11)*100 -> 33.760867 | E11: =IF(Лист2!B11<=175000,"да","нет") -> да
A12: А2 | B12: 90000 | C12: =NPV(G4,C4,D4,E4,F4)-B4 -> 23560.777 | D12: =(C12/B12)*100 -> 26.178642 | E12: =IF(Лист2!B12<=175000,"да","нет") -> да
A13: А3 | B13: 190000 | C13: =NPV(G5,C5,D5,E5,F5)-B5 -> 55459.28 | D13: =(C13/B13)*100 -> 29.189095 | E13: =IF(Лист2!B13<=175000,"да","нет") -> нет
A14: А4 | B14: 165000 | C14: =NPV(G6,C6,D6,E6,F6)-B6 -> -13912.42 | D14: =(C14/B14)*100 -> -8.4317695 | E14: =IF(Лист2!B14<=175000,"да","нет") -> да
A15: А5 | B15: 110000 | C15: =NPV(G7,C7,D7,E7,F7)-B7 -> 29568.689 | D15: =(C15/B15)*100 -> 26.880627 | E15: =IF(Лист2!B15<=175000,"да","нет") -> да
A17: Таблица 3. Нормализация и взвешенные суммы
A18: Проект | B18: NPV(норм) | C18: ROI,%(норм) | D18: Риск | E18: Риск(норм) | F18: простота | G18: ценность | H18: взвешанная сумма
A19: А1 | B19: =(C11-MIN(C11:C15))/(MAX(C11:C15)-MIN(C11:C15))*4+1 -> 4.5275269 | C19: =(D11-MIN(D11:D15))/(MAX(D11:D15)-MIN(D11:D15))*4+1 -> 5 | D19: 3 | E19: =(MAX(H3:H7)-D19)/(MAX(H3:H7)-MIN(H3:H7))*4+1 -> 2.3333333 | F19: 4 | G19: 5 | H19: =B19*0.4+C19*0.3+E19*0.15+F19*0.1+G19*0.05 -> 4.3110108
A20: А2 | B20: =(C12-MIN(C11:C15))/(MAX(C11:C15)-MIN(C11:C15))*4+1 -> 3.1607196 | C20: =(D12-MIN(D11:D15))/(MAX(D11:D15)-MIN(D11:D15))*4+1 -> 4.2811802 | D20: 2 | E20: =(MAX(H3:H7)-D20)/(MAX(H3:H7)-MIN(H3:H7))*4+1 -> 3.6666667 | F20: 5 | G20: 3 | H20: =B20*0.4+C20*0.3+E20*0.15+F20*0.1+G20*0.05 -> 3.7486419
A21: А4 | B21: =(C14-MIN(C11:C15))/(MAX(C11:C15)-MIN(C11:C15))*4+1 -> 1 | C21: =(D14-MIN(D11:D15))/(MAX(D11:D15)-MIN(D11:D15))*4+1 -> 1 | D21: 1 | E21: =(MAX(H3:H7)-D21)/(MAX(H3:H7)-MIN(H3:H7))*4+1 -> 5 | F21: 3 | G21: 2 | H21: =B21*0.4+C21*0.3+E21*0.15+F21*0.1+G21*0.05 -> 1.85
A22: А5 | B22: =(C15-MIN(C11:C15))/(MAX(C11:C15)-MIN(C11:C15))*4+1 -> 3.5071382 | C22: =(D15-MIN(D11:D15))/(MAX(D11:D15)-MIN(D11:D15))*4+1 -> 4.3477307 | D22: 3 | E22: =(MAX(H3:H7)-D22)/(MAX(H3:H7)-MIN(H3:H7))*4+1 -> 2.3333333 | F22: 4 | G22: 4 | H22: =B22*0.4+C22*0.3+E22*0.15+F22*0.1+G22*0.05 -> 3.6571745

Sheet Лист3
A1: проект | B1: NVP | C1: ROI | D1: Взвешенная сумма
A2: А1 | B2: 47265.21 | C2: 33.76 | D2: 4.31
A3: А2 | B3: 23560.78 | C3: 26.18 | D3: 3.75
A4: А4 | B4: -13912.42 | C4: -8.43 | D4: 1.85
A5: А5 | B5: 29568.69 | C5: 26.88 | D5: 3.66
A17: Вывод : Лучший проект А1. Показывает лучшее показатели для достижения цели.Положительный NPV показывает что прект выгоден, ROI 33% считается хорошим результатом, взвешенная сумма максимальная.
