Workbook

Sheet Лист1
A1: № | B1: Название работы | C1: Опирается на работы (№ работ) | D1: Продолжительность работы | E1: Код работы | F1: Rп Полный резерв времени | G1: Rс Свободный резерв времени | H1: Раннее время начала работы | I1: Позднее время начала работы | J1: Раннее время конца работы | K1: Позднее время конца работы | L1: T′кр | M1: Коэффициент напряженности | N1: Зона напряженности
A2: 1 | B2: Работа 1-2 | C2: — | D2: 7 | E2: 1-2 | F2: =K2-H2-D2 -> 2 | G2: =Лист2!B5-H2-D2 -> 0 | H2: =Лист2!B4 -> 0 | I2: =K2-D2 -> 2 | J2: =H2+D2 -> 7 | K2: =Лист2!C5 -> 9 | L2: =Лист3!H4 -> 13 | M2: =1-F2/(30-L2) -> 0.88235294 | N2: =IF(M2>0.8,"напряженные",IF(AND(M2>=0.6,M2<=0.8),"подкритические","резервные")) -> напряженные
A3: 2 | B3: Работа 1-3 | C3: — | D3: 8 | E3: 1-3 | F3: =K3-H3-D3 -> 0 | G3: =Лист2!B6-H3-D3 -> 0 | H3: =Лист2!B4 -> 0 | I3: =K3-D3 -> 0 | J3: =H3+D3 -> 8 | K3: =Лист2!C6 -> 8 | M3: =1-F3/(30-L3) -> 1 | N3: =IF(M3>0.8,"напряженные",IF(AND(M3>=0.6,M3<=0.8),"подкритические","резервные")) -> напряженные
A4: 3 | B4: Работа 1-4 | C4: — | D4: 5 | E4: 1-4 | F4: =K4-H4-D4 -> 5 | G4: =Лист2!B7-H4-D4 -> 0 | H4: =Лист2!B4 -> 0 | I4: =K4-D4 -> 5 | J4: =H4+D4 -> 5 | K4: =Лист2!C7 -> 10 | L4: =Лист3!H6 -> 3 | M4: =1-F4/(30-L4) -> 0.81481481 | N4: =IF(M4>0.8,"напряженные",IF(AND(M4>=0.6,M4<=0.8),"подкритические","резервные")) -> напряженные
A5: 4 | B5: Работа 2-5 | C5: 1 | D5: 8 | E5: 2-5 | F5: =K5-H5-D5 -> 2 | G5: =Лист2!B8-H5-D5 -> 2 | H5: =Лист2!B5 -> 7 | I5: =K5-D5 -> 9 | J5: =H5+D5 -> 15 | K5: =Лист2!C8 -> 17 | L5: =Лист3!H7 -> 13 | M5: =1-F5/(30-L5) -> 0.88235294 | N5: =IF(M5>0.8,"напряженные",IF(AND(M5>=0.6,M5<=0.8),"подкритические","резервные")) -> напряженные
A6: 5 | B6: Работа 2-7 | C6: 1 | D6: 1 | E6: 2-7 | F6: =K6-H6-D6 -> 12 | G6: =Лист2!B10-H6-D6 -> 3 | H6: =Лист2!B5 -> 7 | I6: =K6-D6 -> 19 | J6: =H6+D6 -> 8 | K6: =Лист2!C10 -> 20 | L6: =Лист3!H8 -> 0 | M6: =1-F6/(30-L6) -> 0.6 | N6: =IF(M6>0.8,"напряженные",IF(AND(M6>=0.6,M6<=0.8),"подкритические","резервные")) -> подкритические
A7: 6 | B7: Работа 3-5 | C7: 2 | D7: 9 | E7: 3-5 | F7: =K7-H7-D7 -> 0 | G7: =Лист2!B8-H7-D7 -> 0 | H7: =Лист2!B6 -> 8 | I7: =K7-D7 -> 8 | J7: =H7+D7 -> 17 | K7: =Лист2!C8 -> 17 | M7: =1-F7/(30-L7) -> 1 | N7: =IF(M7>0.8,"напряженные",IF(AND(M7>=0.6,M7<=0.8),"подкритические","резервные")) -> напряженные
A8: 7 | B8: Работа 3-6 | C8: 2 | D8: 3 | E8: 3-6 | F8: =K8-H8-D8 -> 6 | G8: =Лист2!B9-H8-D8 -> 1 | H8: =Лист2!B6 -> 8 | I8: =K8-D8 -> 14 | J8: =H8+D8 -> 11 | K8: =Лист2!C9 -> 17 | L8: =Лист3!H10 -> 11 | M8: =1-F8/(30-L8) -> 0.68421053 | N8: =IF(M8>0.8,"напряженные",IF(AND(M8>=0.6,M8<=0.8),"подкритические","резервные")) -> подкритические
A9: 8 | B9: Работа 3-7 | C9: 2 | D9: 3 | E9: 3-7 | F9: =K9-H9-D9 -> 9 | G9: =Лист2!B10-H9-D9 -> 0 | H9: =Лист2!B6 -> 8 | I9: =K9-D9 -> 17 | J9: =H9+D9 -> 11 | K9: =Лист2!C10 -> 20 | L9: =Лист3!H11 -> 8 | M9: =1-F9/(30-L9) -> 0.59090909 | N9: =IF(M9>0.8,"напряженные",IF(AND(M9>=0.6,M9<=0.8),"подкритические","резервные")) -> резервные
A10: 9 | B10: Работа 4-5 | C10: 3 | D10: 2 | E10: 4-5 | F10: =K10-H10-D10 -> 10 | G10: =Лист2!B8-H10-D10 -> 10 | H10: =Лист2!B7 -> 5 | I10: =K10-D10 -> 15 | J10: =H10+D10 -> 7 | K10: =Лист2!C8 -> 17 | L10: =Лист3!H12 -> 13 | M10: =1-F10/(30-L10) -> 0.41176471 | N10: =IF(M10>0.8,"напряженные",IF(AND(M10>=0.6,M10<=0.8),"подкритические","резервные")) -> резервные
A11: 10 | B11: Работа 4-6 | C11: 3 | D11: 7 | E11: 4-6 | F11: =K11-H11-D11 -> 5 | G11: =Лист2!B9-H11-D11 -> 0 | H11: =Лист2!B7 -> 5 | I11: =K11-D11 -> 10 | J11: =H11+D11 -> 12 | K11: =Лист2!C9 -> 17 | L11: =Лист3!H13 -> 3 | M11: =1-F11/(30-L11) -> 0.81481481 | N11: =IF(M11>0.8,"напряженные",IF(AND(M11>=0.6,M11<=0.8),"подкритические","резервные")) -> напряженные
A12: 11 | B12: Работа 4-7 | C12: 3 | D12: 1 | E12: 4-7 | F12: =K12-H12-D12 -> 14 | G12: =Лист2!B10-H12-D12 -> 5 | H12: =Лист2!B7 -> 5 | I12: =K12-D12 -> 19 | J12: =H12+D12 -> 6 | K12: =Лист2!C10 -> 20 | L12: =Лист3!H14 -> 0 | M12: =1-F12/(30-L12) -> 0.53333333 | N12: =IF(M12>0.8,"напряженные",IF(AND(M12>=0.6,M12<=0.8),"подкритические","резервные")) -> резервные
A13: 12 | B13: Работа 5-8 | C13: 4; 6; 9 | D13: 10 | E13: 5-8 | F13: =K13-H13-D13 -> 0 | G13: =Лист2!B11-H13-D13 -> 0 | H13: =Лист2!B8 -> 17 | I13: =K13-D13 -> 17 | J13: =H13+D13 -> 27 | K13: =Лист2!C11 -> 27 | M13: =1-F13/(30-L13) -> 1 | N13: =IF(M13>0.8,"напряженные",IF(AND(M13>=0.6,M13<=0.8),"подкритические","резервные")) -> напряженные
A14: 13 | B14: Работа 5-9 | C14: 4; 6; 9 | D14: 10 | E14: 5-9 | F14: =K14-H14-D14 -> 1 | G14: =Лист2!B12-H14-D14 -> 0 | H14: =Лист2!B8 -> 17 | I14: =K14-D14 -> 18 | J14: =H14+D14 -> 27 | K14: =Лист2!C12 -> 28 | L14: =Лист3!H16 -> 17 | M14: =1-F14/(30-L14) -> 0.92307692 | N14: =IF(M14>0.8,"напряженные",IF(AND(M14>=0.6,M14<=0.8),"подкритические","резервные")) -> напряженные
A15: 14 | B15: Работа 6-8 | C15: 7; 10 | D15: 10 | E15: 6-8 | F15: =K15-H15-D15 -> 5 | G15: =Лист2!B11-H15-D15 -> 5 | H15: =Лист2!B9 -> 12 | I15: =K15-D15 -> 17 | J15: =H15+D15 -> 22 | K15: =Лист2!C11 -> 27 | L15: 11 | M15: =1-F15/(30-L15) -> 0.73684211 | N15: =IF(M15>0.8,"напряженные",IF(AND(M15>=0.6,M15<=0.8),"подкритические","резервные")) -> подкритические
A16: 15 | B16: Работа 6-9 | C16: 7; 10 | D16: 8 | E16: 6-9 | F16: =K16-H16-D16 -> 8 | G16: =Лист2!B12-H16-D16 -> 7 | H16: =Лист2!B9 -> 12 | I16: =K16-D16 -> 20 | J16: =H16+D16 -> 20 | K16: =Лист2!C12 -> 28 | L16: =Лист3!H18 -> 0 | M16: =1-F16/(30-L16) -> 0.73333333 | N16: =IF(M16>0.8,"напряженные",IF(AND(M16>=0.6,M16<=0.8),"подкритические","резервные")) -> подкритические
A17: 16 | B17: Работа 7-9 | C17: 5; 8; 11 | D17: 8 | E17: 7-9 | F17: =K17-H17-D17 -> 9 | G17: =Лист2!B12-H17-D17 -> 8 | H17: =Лист2!B10 -> 11 | I17: =K17-D17 -> 20 | J17: =H17+D17 -> 19 | K17: =Лист2!C12 -> 28 | L17: =Лист3!H19 -> 8 | M17: =1-F17/(30-L17) -> 0.59090909 | N17: =IF(M17>0.8,"напряженные",IF(AND(M17>=0.6,M17<=0.8),"подкритические","резервные")) -> резервные
A18: 17 | B18: Работа 8-10 | C18: 12; 14 | D18: 3 | E18: 8-10 | F18: =K18-H18-D18 -> 0 | G18: =Лист2!B13-H18-D18 -> 0 | H18: =Лист2!B11 -> 27 | I18: =K18-D18 -> 27 | J18: =H18+D18 -> 30 | K18: =Лист2!C13 -> 30 | M18: =1-F18/(30-L18) -> 1 | N18: =IF(M18>0.8,"напряженные",IF(AND(M18>=0.6,M18<=0.8),"подкритические","резервные")) -> напряженные
A19: 18 | B19: Работа 9-10 | C19: 13; 15; 16 | D19: 2 | E19: 9-10 | F19: =K19-H19-D19 -> 1 | G19: =Лист2!B13-H19-D19 -> 1 | H19: =Лист2!B12 -> 27 | I19: =K19-D19 -> 28 | J19: =H19+D19 -> 29 | K19: =Лист2!C13 -> 30 | L19: =Лист3!H21 -> 17 | M19: =1-F19/(30-L19) -> 0.92307692 | N19: =IF(M19>0.8,"напряженные",IF(AND(M19>=0.6,M19<=0.8),"подкритические","резервные")) -> напряженные
A20: Коэффициент сложности сетевого графика = число работ / число событий | N20: =18/10 -> 1.8
A21: Продолжительность критического пути, усл. ед.
A22: Вариант 16. Желтым выделены работы критического пути (Rп = 0).

Sheet Лист2
A1: Вариант 16. Временные параметры событий
A3: Событие | B3: Ранний срок tр | C3: Поздний срок tп | D3: Резерв события
A4: 1 | B4: 0 | C4: =MIN(C5-Лист1!D2,C6-Лист1!D3,C7-Лист1!D4) -> 0 | D4: =C4-B4 -> 0
A5: 2 | B5: =MAX(B4+Лист1!D2) -> 7 | C5: =MIN(C8-Лист1!D5,C10-Лист1!D6) -> 9 | D5: =C5-B5 -> 2
A6: 3 | B6: =MAX(B4+Лист1!D3) -> 8 | C6: =MIN(C8-Лист1!D7,C9-Лист1!D8,C10-Лист1!D9) -> 8 | D6: =C6-B6 -> 0
A7: 4 | B7: =MAX(B4+Лист1!D4) -> 5 | C7: =MIN(C8-Лист1!D10,C9-Лист1!D11,C10-Лист1!D12) -> 10 | D7: =C7-B7 -> 5
A8: 5 | B8: =MAX(B5+Лист1!D5,B6+Лист1!D7,B7+Лист1!D10) -> 17 | C8: =MIN(C11-Лист1!D13,C12-Лист1!D14) -> 17 | D8: =C8-B8 -> 0
A9: 6 | B9: =MAX(B6+Лист1!D8,B7+Лист1!D11) -> 12 | C9: =MIN(C11-Лист1!D15,C12-Лист1!D16) -> 17 | D9: =C9-B9 -> 5
A10: 7 | B10: =MAX(B5+Лист1!D6,B6+Лист1!D9,B7+Лист1!D12) -> 11 | C10: =MIN(C12-Лист1!D17) -> 20 | D10: =C10-B10 -> 9
A11: 8 | B11: =MAX(B8+Лист1!D13,B9+Лист1!D15) -> 27 | C11: =MIN(C13-Лист1!D18) -> 27 | D11: =C11-B11 -> 0
A12: 9 | B12: =MAX(B8+Лист1!D14,B9+Лист1!D16,B10+Лист1!D17) -> 27 | C12: =MIN(C13-Лист1!D19) -> 28 | D12: =C12-B12 -> 1
A13: 10 | B13: =MAX(B11+Лист1!D18,B12+Лист1!D19) -> 30 | C13: =B13 -> 30 | D13: =C13-B13 -> 0

Sheet Лист3
A1: Вариант 16. Полные пути и расчет T′кр
A3: № пути | B3: Полный путь | C3: Длительность | D3: Общие критические участки | F3: Код работы | G3: Максимальный путь через работу | H3: T′кр | I3: Выбранный полный путь
A4: 1 | B4: 1–2–5–8–10 | C4: =SUM(Лист1!D2,Лист1!D5,Лист1!D13,Лист1!D18) -> 28 | D4: =IF(Лист1!F2=0,Лист1!D2,0)+IF(Лист1!F5=0,Лист1!D5,0)+IF(Лист1!F13=0,Лист1!D13,0)+IF(Лист1!F18=0,Лист1!D18,0) -> 13 | F4: 1-2 | G4: =MAX(C4,C5,C6) -> 28 | H4: =IF(C4=G4,D4,IF(C5=G4,D5,D6)) -> 13 | I4: =IF(C4=G4,B4,IF(C5=G4,B5,B6)) -> 1–2–5–8–10
A5: 2 | B5: 1–2–5–9–10 | C5: =SUM(Лист1!D2,Лист1!D5,Лист1!D14,Лист1!D19) -> 27 | D5: =IF(Лист1!F2=0,Лист1!D2,0)+IF(Лист1!F5=0,Лист1!D5,0)+IF(Лист1!F14=0,Лист1!D14,0)+IF(Лист1!F19=0,Лист1!D19,0) -> 0 | F5: 1-3 | G5: =MAX(C7,C8,C9,C10,C11) -> 30 | H5: =IF(C7=G5,D7,IF(C8=G5,D8,IF(C9=G5,D9,IF(C10=G5,D10,D11)))) -> 30 | I5: =IF(C7=G5,B7,IF(C8=G5,B8,IF(C9=G5,B9,IF(C10=G5,B10,B11)))) -> 1–3–5–8–10
A6: 3 | B6: 1–2–7–9–10 | C6: =SUM(Лист1!D2,Лист1!D6,Лист1!D17,Лист1!D19) -> 18 | D6: =IF(Лист1!F2=0,Лист1!D2,0)+IF(Лист1!F6=0,Лист1!D6,0)+IF(Лист1!F17=0,Лист1!D17,0)+IF(Лист1!F19=0,Лист1!D19,0) -> 0 | F6: 1-4 | G6: =MAX(C12,C13,C14,C15,C16) -> 25 | H6: =IF(C12=G6,D12,IF(C13=G6,D13,IF(C14=G6,D14,IF(C15=G6,D15,D16)))) -> 3 | I6: =IF(C12=G6,B12,IF(C13=G6,B13,IF(C14=G6,B14,IF(C15=G6,B15,B16)))) -> 1–4–6–8–10
A7: 4 | B7: 1–3–5–8–10 | C7: =SUM(Лист1!D3,Лист1!D7,Лист1!D13,Лист1!D18) -> 30 | D7: =IF(Лист1!F3=0,Лист1!D3,0)+IF(Лист1!F7=0,Лист1!D7,0)+IF(Лист1!F13=0,Лист1!D13,0)+IF(Лист1!F18=0,Лист1!D18,0) -> 30 | F7: 2-5 | G7: =MAX(C4,C5) -> 28 | H7: =IF(C4=G7,D4,D5) -> 13 | I7: =IF(C4=G7,B4,B5) -> 1–2–5–8–10
A8: 5 | B8: 1–3–5–9–10 | C8: =SUM(Лист1!D3,Лист1!D7,Лист1!D14,Лист1!D19) -> 29 | D8: =IF(Лист1!F3=0,Лист1!D3,0)+IF(Лист1!F7=0,Лист1!D7,0)+IF(Лист1!F14=0,Лист1!D14,0)+IF(Лист1!F19=0,Лист1!D19,0) -> 17 | F8: 2-7 | G8: =MAX(C6) -> 18 | H8: =D6 -> 0 | I8: =B6 -> 1–2–7–9–10
A9: 6 | B9: 1–3–6–8–10 | C9: =SUM(Лист1!D3,Лист1!D8,Лист1!D15,Лист1!D18) -> 24 | D9: =IF(Лист1!F3=0,Лист1!D3,0)+IF(Лист1!F8=0,Лист1!D8,0)+IF(Лист1!F15=0,Лист1!D15,0)+IF(Лист1!F18=0,Лист1!D18,0) -> 11 | F9: 3-5 | G9: =MAX(C7,C8) -> 30 | H9: =IF(C7=G9,D7,D8) -> 30 | I9: =IF(C7=G9,B7,B8) -> 1–3–5–8–10
A10: 7 | B10: 1–3–6–9–10 | C10: =SUM(Лист1!D3,Лист1!D8,Лист1!D16,Лист1!D19) -> 21 | D10: =IF(Лист1!F3=0,Лист1!D3,0)+IF(Лист1!F8=0,Лист1!D8,0)+IF(Лист1!F16=0,Лист1!D16,0)+IF(Лист1!F19=0,Лист1!D19,0) -> 8 | F10: 3-6 | G10: =MAX(C9,C10) -> 24 | H10: =IF(C9=G10,D9,D10) -> 11 | I10: =IF(C9=G10,B9,B10) -> 1–3–6–8–10
A11: 8 | B11: 1–3–7–9–10 | C11: =SUM(Лист1!D3,Лист1!D9,Лист1!D17,Лист1!D19) -> 21 | D11: =IF(Лист1!F3=0,Лист1!D3,0)+IF(Лист1!F9=0,Лист1!D9,0)+IF(Лист1!F17=0,Лист1!D17,0)+IF(Лист1!F19=0,Лист1!D19,0) -> 8 | F11: 3-7 | G11: =MAX(C11) -> 21 | H11: =D11 -> 8 | I11: =B11 -> 1–3–7–9–10
A12: 9 | B12: 1–4–5–8–10 | C12: =SUM(Лист1!D4,Лист1!D10,Лист1!D13,Лист1!D18) -> 20 | D12: =IF(Лист1!F4=0,Лист1!D4,0)+IF(Лист1!F10=0,Лист1!D10,0)+IF(Лист1!F13=0,Лист1!D13,0)+IF(Лист1!F18=0,Лист1!D18,0) -> 13 | F12: 4-5 | G12: =MAX(C12,C13) -> 20 | H12: =IF(C12=G12,D12,D13) -> 13 | I12: =IF(C12=G12,B12,B13) -> 1–4–5–8–10
A13: 10 | B13: 1–4–5–9–10 | C13: =SUM(Лист1!D4,Лист1!D10,Лист1!D14,Лист1!D19) -> 19 | D13: =IF(Лист1!F4=0,Лист1!D4,0)+IF(Лист1!F10=0,Лист1!D10,0)+IF(Лист1!F14=0,Лист1!D14,0)+IF(Лист1!F19=0,Лист1!D19,0) -> 0 | F13: 4-6 | G13: =MAX(C14,C15) -> 25 | H13: =IF(C14=G13,D14,D15) -> 3 | I13: =IF(C14=G13,B14,B15) -> 1–4–6–8–10
A14: 11 | B14: 1–4–6–8–10 | C14: =SUM(Лист1!D4,Лист1!D11,Лист1!D15,Лист1!D18) -> 25 | D14: =IF(Лист1!F4=0,Лист1!D4,0)+IF(Лист1!F11=0,Лист1!D11,0)+IF(Лист1!F15=0,Лист1!D15,0)+IF(Лист1!F18=0,Лист1!D18,0) -> 3 | F14: 4-7 | G14: =MAX(C16) -> 16 | H14: =D16 -> 0 | I14: =B16 -> 1–4–7–9–10
A15: 12 | B15: 1–4–6–9–10 | C15: =SUM(Лист1!D4,Лист1!D11,Лист1!D16,Лист1!D19) -> 22 | D15: =IF(Лист1!F4=0,Лист1!D4,0)+IF(Лист1!F11=0,Лист1!D11,0)+IF(Лист1!F16=0,Лист1!D16,0)+IF(Лист1!F19=0,Лист1!D19,0) -> 0 | F15: 5-8 | G15: =MAX(C4,C7,C12) -> 30 | H15: =IF(C4=G15,D4,IF(C7=G15,D7,D12)) -> 30 | I15: =IF(C4=G15,B4,IF(C7=G15,B7,B12)) -> 1–3–5–8–10
A16: 13 | B16: 1–4–7–9–10 | C16: =SUM(Лист1!D4,Лист1!D12,Лист1!D17,Лист1!D19) -> 16 | D16: =IF(Лист1!F4=0,Лист1!D4,0)+IF(Лист1!F12=0,Лист1!D12,0)+IF(Лист1!F17=0,Лист1!D17,0)+IF(Лист1!F19=0,Лист1!D19,0) -> 0 | F16: 5-9 | G16: =MAX(C5,C8,C13) -> 29 | H16: =IF(C5=G16,D5,IF(C8=G16,D8,D13)) -> 17 | I16: =IF(C5=G16,B5,IF(C8=G16,B8,B13)) -> 1–3–5–9–10
F17: 6-8 | G17: =MAX(C9,C14) -> 25 | H17: =IF(C9=G17,D9,D14) -> 3 | I17: =IF(C9=G17,B9,B14) -> 1–4–6–8–10
F18: 6-9 | G18: =MAX(C10,C15) -> 22 | H18: =IF(C10=G18,D10,D15) -> 0 | I18: =IF(C10=G18,B10,B15) -> 1–4–6–9–10
F19: 7-9 | G19: =MAX(C6,C11,C16) -> 21 | H19: =IF(C6=G19,D6,IF(C11=G19,D11,D16)) -> 8 | I19: =IF(C6=G19,B6,IF(C11=G19,B11,B16)) -> 1–3–7–9–10
F20: 8-10 | G20: =MAX(C4,C7,C9,C12,C14) -> 30 | H20: =IF(C4=G20,D4,IF(C7=G20,D7,IF(C9=G20,D9,IF(C12=G20,D12,D14)))) -> 30 | I20: =IF(C4=G20,B4,IF(C7=G20,B7,IF(C9=G20,B9,IF(C12=G20,B12,B14)))) -> 1–3–5–8–10
F21: 9-10 | G21: =MAX(C5,C6,C8,C10,C11,C13,C15,C16) -> 29 | H21: =IF(C5=G21,D5,IF(C6=G21,D6,IF(C8=G21,D8,IF(C10=G21,D10,IF(C11=G21,D11,IF(C13=G21,D13,IF(C15=G21,D15,D16))))))) -> 17 | I21: =IF(C5=G21,B5,IF(C6=G21,B6,IF(C8=G21,B8,IF(C10=G21,B10,IF(C11=G21,B11,IF(C13=G21,B13,IF(C15=G21,B15,B16))))))) -> 1–3–5–9–10
